From;To;Type;Through;start_x;start_y;stop_x;stop_y;Comment
#BRITAIN
13;1690;sea;1019;655;3608;668;3617;Slemish-Arran
14;1684;sea;699;669;3577;698;3584;Carrickfergus-Wigtown
35;1691;sea;696;671;3710;674;3715;Mull-Ardnamurchon
1504;1515;river_large;628;-1;-1;-1;-1;Rochester-Maldon
1527;1526;river_large;629;948;3303;-1;-1;London-Southwark
1546;1549;sea;966;877;3242;880;3247;Portsmouth-Carisbrooke
1667;1673;sea;1019;725;3445;730;3442;Caernarfon-Yns Mon
1684;1699;sea;1019;724;3571;729;3544;Wigtown-Ramsey
1692;1693;sea;992;660;3800;653;3817;Skye-Lewis
1692;1694;sea;696;638;3784;621;3791;Skye-Uists
1693;1694;sea;992;628;3806;622;3801;Lewis-Uists
1690;1689;sea;700;660;3644;675;3639;Arran-Islay
1689;1691;sea;700;656;3666;667;3692;Islay-Mull
1707;8;sea;693;820;3869;830;3881;Thurso-Kirkwall
1711;1692;sea;696;680;3753;686;3751;Glenfinnan-Skye
#IBERIA
1748;1839;river_large;3250;536;2241;-1;-1;Faor-Ayamonte
1833;1835;river_large;3252;570;2347;-1;-1;Zalaca-Badajoz
1845;4682;sea;954;657;2155;658;2142;Algeciras-Sabta
1979;1995;river_large;3253;687;2270;-1;-1;Cabra-Cordoba
1981;1993;river_large;3253;619;2244;-1;-1;Seville-Triana
#FRANCE
2016;2017;river_large;3247;1202;2655;-1;-1;Nimes-Arles
2142;2144;river_large;3224;901;2785;-1;-1;Bordeaux-Blaye
2261;2267;river_large;3227;922;2964;-1;-1;Saumur-Angers
2175;2179;river_large;3234;992;3130;-1;-1;Harcourt-Rouen
2151;2152;river_large;3226;-1;-1;-1;-1;Rais-Nantes
2332;2181;river_large;3236;1034;3089;-1;-1;Montfort-Mantes
2333;2357;river_large;3236;-1;-1;-1;-1;Paris-Saint-Denis
#GERMANY
2113;2401;sea;3230;1190;3307;1185;3299;Bergen op Zoom-Brielle
2402;2401;sea;3230;1203;3306;1209;3307;Dort-Brielle
2425;2103;river_large;3231;1271;3307;-1;-1;Tiel-Nijmegen
2101;2677;river_large;3231;1327;3274;-1;-1;Moers-Essen
2407;2412;sea;973;1237;3405;1244;3415;Aalkmar-Wadeilannen
2413;2412;sea;973;1293;3420;1291;3425;Leeuwarden-Wadeilannen
2802;2803;river_large;3237;-1;-1;-1;-1;Hamburg-Buxtehude
2814;2899;river_large;3239;1601;3379;-1;-1;Havelberg-Weben
#ITALY
2489;2491;river_large;3245;1513;2746;-1;-1;Roncaglia-Cremona
2497;2530;river_large;3244;1549;2744;-1;-1;Mantua-Guastalla
2525;2527;river_large;3243;1610;2737;-1;-1;Rovigo-Ferrara
2627;2633;sea;8653;1864;2218;1855;2213;Reggio-Messina
2652;2658;sea;8637;1477;2460;1482;2451;Bonifacio-Olbia
#SCANDINAVIA
55;81;sea;1001;1518;3690;1517;3680;Lindholm-Aalborg
227;228;sea;999;1510;3577;1514;3573;Taulov-Middelfart
64;67;sea;999;1618;3534;1617;3526;Naestved-Nykobing
65;69;sea;999;1559;3562;1583;3567;Odense-Slagelse
66;68;sea;999;1560;3530;1571;3526;Svendborg-Nakskov
67;68;sea;999;1606;3510;1614;3511;Nykobing-Nakskov
73;433;sea;999;1641;3612;1647;3618;Helsingborg-Helsingora
180;216;sea;1005;2016;3910;1972;3894;Rauma-Sund
270;272;sea;986;1541;4130;1551;4128;Nidaros-Hitrar
307;314;sea;1003;1828;3658;1834;3656;Kalmar-Borgholm
344;217;sea;1005;1910;3888;1943;3882;Osthammar-Jomala
341;336;sea;959;1900;3836;1900;3827;Sigtuna-T�lje
257;256;river_large;8559;-1;-1;-1;-1;Mithrhordaland-Sunnhordaland
262;263;river_large;8558;-1;-1;-1;-1;Stolsheimen-Fjarland
#BALTICS
89;90;sea;632;2111;3763;2114;3765;Maasilinna-Muhu
89;91;sea;639;2096;3767;2095;3776;Maasilinna-Hiiumaa
92;91;sea;646;2108;3786;2115;3788;Haapsalu-Hiiumaa
93;90;sea;632;2125;3767;2129;3767;Lihula-Muhu
110;88;sea;639;2068;3703;2074;3721;Piltene-Kuressaare
104;108;river_large;3241;-1;-1;-1;-1;Riga-Ikskila
137;150;river_large;1081;2252;3587;-1;-1;Duagavpils-Oknist
#POLAND
2830;2831;river_large;1052;1958;3466;-1;-1;Danzig-Wislana
4921;3198;river_large;1053;-1;-1;-1;-1;Bydgoszcz-Chelmno(Kulm)
4919;4922;river_large;1053;-1;-1;-1;-1;Wloclawek-Dobrzyn
4940;529;river_large;1053;-1;-1;-1;-1;Gostynin-Plock
530;4939;river_large;1055;-1;-1;-1;-1;Czersk-Garwolin
#WALLACHIA
4997;508;river_large;1059;-1;-1;-1;-1;Calarasi-Silistra
514;507;river_large;1060;-1;-1;-1;-1;Turnu-Nikopolis
516;3667;river_large;1061;-1;-1;-1;-1;Severin-Klodovo
# HUNGARY
3803;522;river_large;1066;-1;-1;-1;-1;Visegrad-Pest
3805;3807;river_large;1066;-1;-1;-1;-1;Szekesfehevar-Kalocsa
3808;3976;river_large;1066;1977;-1;-1;-1;Esztergom-B�ny
3809;3916;river_large;1067;1958;2957;-1;-1;Kom�rom-B�torkeszi
3610;518;river_large;8560;-1;-1;-1;-1;Vakovo-Bacs
#GREECE
472;3710;sea;1038;2109;2341;2101;2337;Buthrothum-Corfu
3701;474;sea;1037;2145;2266;2145;2255;Vonitsa-Cephalonia
474;3696;sea;1037;2145;2229;2151;2217;Cephalonia-Zakynthos
3727;3726;sea;942;2293;2290;2285;2286;Boudounitsa-Oreoi
485;3730;sea;942;2329;2260;2336;2262;Chalkis-Thebes
3755;3756;sea;942;2407;2215;2404;2219;Andros-Tinos
484;3756;sea;942;2430;2181;2424;2195;Naxos-Tinos
484;3757;sea;1017;2433;2132;2435;2157;Naxos-Thera
488;3725;sea;8666;2303;2327;2324;2319;Demetrias-Skopelos
3726;3725;sea;942;2315;2301;2325;2310;Oreoi-Skopelos
3740;3741;sea;936;2556;2120;2525;2156;Kos-Lindos
3741;3742;sea;8661;2556;2101;2531;2079;Lindos-Karpathos
3751;487;sea;1111;2466;2348;2463;2343;Alexandria Troas-Mytilene
3767;3769;sea;8665;2365;2445;2366;2439;Alexandria Xanthia-Thasos
495;3749;sea;947;2486;2424;2492;2420;Kalliopolis-Lampsakos
496;5565;sea;947;2594;2468;2602;2466;Constantinople-Chalcedon
#BALKANS
464;459;sea;8650;1782;2741;1787;2743;Senj-Krk
459;2521;sea;8650;1775;2734;1766;2727;Krk-Cres
3555;3556;sea;1109;1913;2598;1922;2602;Mokro-Hvar
3556;3569;sea;1109;1930;2578;1942;2578;Hvar-Ston
#RUSSIA
169;170;river_large;1006;2354;3837;-1;-1;Nyen-P�hkin�linna
552;5116;river_large;1079;2350;3294;-1;-1;Turov-Mikashevichy
5095;5122;river_large;1083;-1;-1;-1;-1;Chornobyl-Rechytsa
5135;5134;river_large;1082;-1;-1;-1;-1;Haradok-Vitebsk
5129;5131;river_large;3242;-1;-1;-1;-1;Polotsk-Myory
5138;5154;river_large;1085;-1;-1;-1;-1;Ladoga-Kirishi
5137;5254;river_large;8569;-1;-1;-1;-1;Novgorod-Svolensk
5143;5162;river_large;8570;-1;-1;-1;-1;Rusa-Kholm
5161;5151;river_large;1087;-1;-1;-1;-1;Luki-Nevel
5160;193;river_large;8571;-1;-1;-1;-1;Podporozhye-Aunus
5171;5164;river_large;1106;-1;-1;-1;-1;Andreapol-Torzhok
5173;5164;river_large;8578;-1;-1;-1;-1;Tver-Torzhok
5173;5175;river_large;8578;-1;-1;-1;-1;Tver-Kashin
572;5176;river_large;1105;-1;-1;-1;-1;Yaroslavl-Mologa
5247;5251;river_large;8580;-1;-1;-1;-1;Plyos-Kostroma
584;585;river_large;1098;-1;-1;-1;-1;NizhnyNovgorod-Gorodets
584;5235;river_large;8574;-1;-1;-1;-1;NizhnyNovgorod-Pavlovo
5253;580;river_large;1102;-1;-1;-1;-1;VaskinaPolyana-Ryazan
5253;5228;river_large;1099;-1;-1;-1;-1;VaskinaPolyana-PereyaslavlRyazanski
5238;5228;river_large;1099;-1;-1;-1;-1;Yegoryevsk-PereyaslavlRyazanski
587;5218;river_large;1104;-1;-1;-1;-1;Mozhaysk-Suvorov
5204;5208;river_large;1074;-1;-1;-1;-1;Trubetsk-Lokot
5221;568;river_large;1078;-1;-1;-1;-1;Gnezdovo-Smolensk
5119;5225;river_large;8565;2450;3371;-1;-1;Babruysk-Cherykaw
5201;554;river_large;1073;2510;3230;-1;-1;Unenezh-Chernigov
5122;554;river_large;1077;2492;3240;-1;-1;Rechytsa-Chernigov
547;554;river_large;8564;2499;3188;-1;-1;Kiev-Chernigov
547;555;river_large;1072;-1;-1;-1;-1;Kiev-Pereyaslavl
#BJARMALAND
5156;5816;river_large;1101;-1;-1;-1;-1;Beloozero-Ostrov
5157;5824;river_large;8579;-1;-1;-1;-1;Cherepovets-Vologda
572;5828;river_large;1098;-1;-1;-1;-1;Yaroslavl-Vyatskoye
5798;5799;river_large;5855;-1;-1;-1;-1;Kholmogory-Arkhangelsk
5840;5841;river_large;5857;-1;-1;-1;-1;Kotlas-Usyorga
#PONTIC STEPPE
5268;512;river_large;1056;-1;-1;-1;-1;Odessa-Cetatea Alba
5257;5021;river_large;1057;-1;-1;-1;-1;Ladyzyn-Soroca
5263;5189;river_large;1071;-1;-1;-1;-1;Cherkassy-Voin
5274;557;river_large;8563;-1;-1;-1;-1;Dnipro-Khortytsia
5269;558;river_large;1070;-1;-1;-1;-1;Kherson-Oleshye
562;598;sea;8670;2920;2804;2932;2804;Kerch-Tmutarkan (Kerch strait)
5291;595;river_large;8584;-1;-1;-1;-1;Siyahtepe-Sarysyn
5290;607;river_large;1090;-1;-1;-1;-1;Golden Hills-Sarkel
596;597;river_large;8585;-1;-1;-1;-1;Tana-Azov
604;620;river_large;1092;-1;-1;-1;-1;Khazaran-Itil
595;619;river_large;1093;-1;-1;-1;-1;Sarysyn-Saray
#VOLGA BULGARIA
588;590;river_large;1097;-1;-1;-1;-1;Yoshkar-Ola-Cheboksary
614;611;river_large;8581;-1;-1;-1;-1;Ashli-Kazan
614;610;river_large;1096;-1;-1;-1;-1;Ashli-Bolghar
5411;609;river_large;8582;-1;-1;-1;-1;Banja-Sumar
592;5347;river_large;1103;-1;-1;-1;-1;Saratov-Engels
593;5287;river_large;1090;-1;-1;-1;-1;Khopyor-Kazanskaya
610;5397;river_large;8577;-1;-1;-1;-1;Bolghar-Kashan
5408;5403;river_large;5510;-1;-1;-1;-1;Yar Calli-Elabuga
886;5450;river_large;5511;-1;-1;-1;-1;Perm-Nytva
#CANARIAS
849;8713;sea;8622;158;1726;136;1740;GranCanaria-Tenerife
849;8714;sea;8622;180;1721;219;1719;GranCanaria-Fuerteventura
8714;8715;sea;8622;246;1756;250;1760;Fuerteventura-Lanzarote
#EGYPT
6043;6047;river_large;6026;-1;-1;-1;-1;Daqahla-Samannud
6042;6057;river_large;6028;-1;-1;-1;-1;Cairo-Gizeh
6049;6054;river_large;6027;-1;-1;-1;-1;Nastarawa-Damanhur
6063;6064;river_large;6028;-1;-1;-1;-1;Al-Bahnasa-Ihrit
6067;6068;river_large;6029;-1;-1;-1;-1;Al-Ushmunain-Ansina
6070;6071;river_large;6029;-1;-1;-1;-1;Asyut-Bawit
6077;6078;river_large;6125;-1;-1;-1;-1;Qus-Armant
#SUB-SAHARAN AFRICA
8115;8087;river_large;8092;1533;571;-1;-1;Bonny-Nembe
8086;8111;river_large;8093;1534;632;-1;-1;Ode Itseriki-Onitsha
8085;6548;river_large;8094;1491;772;-1;-1;Kyadya-Bida
6553;6915;river_large;6796;1393;891;-1;-1;Yauri-Kaoje
6570;6714;river_large;6796;1285;965;-1;-1;Rozi-Pekinga
6577;6579;river_large;6794;1088;1149;-1;-1;Gao-Koima
6608;6670;river_large;6793;921;1158;-1;-1;Kabara-Bangu
6620;6647;river_large;6791;821;1050;-1;-1;Mara-Kaniana
#MESOPOTAMIA
4822;4823;river_large;6127;3464;2011;-1;-1;Kaskar-An-Numaniya
4797;4824;river_large;6126;3423;2038;-1;-1;Iskaf-Humaniya
6008;6021;river_large;6128;3530;1944;-1;-1;Nahr Simmara-Matara Iraq
#ARABIA
6157;6156;sea;1394;3677;1704;3686;1704;Al-Khatt-Uwal
6150;6156;sea;1394;3696;1698;3709;1690;Murwab-Uwal
4186;4187;sea;1393;3959;1778;3949;1768;Shahru-Laft (Strait of Hormuz)
6132;4187;sea;1393;3962;1734;3949;1751;Musandam-Laft (Strait of Hormuz)
6282;8340;sea;1385;3386;1026;3374;1023;Al-Mandab-Assab
6282;8341;sea;1385;3398;1019;3386;1004;Al-Mandab-Awbuk
8286;8280;sea;8673;3216;1153;3215;1147;Buri-Dahlak Kebir
#INDIA
1295;3355;sea;1397;4699;1655;4704;1650;Kanthakota-Morvi
1297;3400;river_large;8681;4546;1718;-1;-1;Debul-Sauvira
1138;1175;river_large;1308;4568;1885;-1;-1;Bhakkar-Aror
1339;3408;river_large;1309;4637;1964;-1;-1;Rajanpur-Chachran
1340;3417;river_large;8588;4640;2062;-1;-1;Karor-Dera Ghazi Khan
1178;3410;river_large;8590;4715;2012;-1;-1;Karur-Askhanda
3421;3423;river_large;8591;4786;2067;-1;-1;Pancapura-Abohar
1127;3383;river_large;8593;-1;-1;-1;-1;Akruresvara-Navasarika
1262;1194;river_large;8594;-1;-1;-1;-1;Thalner-Sindkheda
7910;7913;river_large;8598;-1;-1;-1;-1;Palwancha-Bhadracala
1123;7916;river_large;8597;-1;-1;-1;-1;Vengipura-Draksharama
7836;1201;river_large;8596;-1;-1;-1;-1;Kannanur-Karavur
7836;7807;river_large;8595;-1;-1;-1;-1;Kannanur-Uraiyur
7836;1115;river_large;8595;-1;-1;-1;-1;Kannanur-Tanjavur
7838;1115;river_large;8595;-1;-1;-1;-1;Nagapattinam-Tanjavur
1319;1240;river_large;1311;5680;1808;-1;-1;Bikrampur-Fathabad
1323;856;river_large;456;5591;1787;-1;-1;Nabadwipa-Santipura
1243;842;river_large;456;5583;1824;-1;-1;Karnasubarna-Raktamrittika
1243;839;river_large;1312;5606;1833;-1;-1;Karnasubarna-Rampur Boalia
1325;848;river_large;1316;5648;1863;-1;-1;Madhupur-Somapur
1321;815;river_large;8603;5755;1975;-1;-1;Kamarupanagara-Pragyotisapura
1418;813;river_large;8604;5809;1996;-1;-1;Haruppeswara-Numaligarh
837;843;river_large;1313;-1;-1;-1;-1;Gaur-Agmahl
1154;879;river_large;1315;-1;-1;-1;-1;Pataliputra-Hajipur
1163;1281;river_large;8602;-1;-1;-1;-1;Varanasi-Chunar
927;931;river_large;8600;-1;-1;-1;-1;Bhubaneswar-Athgarh
1360;8712;sea;8683;4951;779;4932;792;Mahal-Thiladhunmathi #Maldives
#BURMA
9550;9554;river_large;8610;-1;-1;-1;-1;Pagan-Myitche
9588;9590;river_large;8608;5969;1608;-1;-1;Sriksetra-Thayetmyo
9599;9626;river_large;8607;6015;1501;-1;-1;Krapan-Bogale
9633;9626;river_large;8606;5978;1496;-1;-1;Myaungmya-Bogale
9556;9568;river_large;8610;5977;1765;-1;-1;Ava-Sagaing
#KUTCH
1295;3385;sea;1397;4705;1673;4711;1684;Kanthakota-Kasara
#HOLLAND
2113;2112;sea;3229;1182;3290;1181;3283;Bergen op Zoom-Middelberg
2115;2112;sea;3229;1154;3275;1159;3279;Bruges-Middelberg
#EAST AFRICA
12773;12775;sea;12799;3350;423;3344;429;Pate-Kiangwe
12773;12774;sea;12799;3362;429;3365;437;Pate-Kiunga
# JAPAN
10551;10554;sea;12645;7895;2649;7893;2642;Kikuchi-Amakusa
10511;10608;sea;12612;8132;2809;8140;2814;Nagata-Mihara
10595;10608;sea;12612;8153;2847;8152;2838;Akashi-Mihara
10566;10526;sea;12610;7918;2763;7917;2751;Shimonoseki-Kiku
10589;10515;sea;12611;8088;2824;8092;2813;Tsukada-Kiyama
10575;10507;sea;12611;8028;2798;8036;2783;Kamo-Iyo
#SOUTHEAST ASIA
11277;11280;sea;12723;6523;873;6506;852;Indragiri-Lingga
11273;11274;sea;12723;6415;884;6421;885;Siak-Suir
11276;11275;sea;12723;6453;860;6452;868;Boron-Selat Panjang
11274;11275;sea;12723;6436;887;6446;880;Suir-Selat Panjang
# JAPAN - Hokkaido
10792;12819;sea;12659;8573;3499;8578;3518;Hanasaki-Kunasir
12819;12820;sea;12660;8603;3559;8639;3576;Kunasir-Etuworop-sir
# CHINA
11399;11277;sea;12752;6511;918;6518;895;Penawar-Tanjungpinang
12930;9802;sea;12752;6802;1797;6764;1822;Shecheng-Xuwen (Hainan to mainland)
# SOUTHEAST ASIA
11007;11002;sea;12625;7460;1890;7460;1928;Aparri-Calayan
11001;11002;sea;12625;7510;2003;7460;1928;Babuyan-Calayan
11023;11031;sea;12643;7520;1677;7530;1694;Pilila-Pulilu
11032;11028;sea;12644;7666;1667;7652;1658;Katanduan-Ibalon
11033;11026;sea;12661;7545;1636;7555;1643;Malindig-Bondoc
11025;11037;sea;12661;7491;1648;7499;1621;Batangan-Pingamalayan
11040;11036;sea;12661;7510;1584;7545;1581;Bongabong-Donblon
11036;11064;sea;12661;7581;1582;7575;1539;Donblon-Akean
11035;11047;sea;12662;7668;1566;7692;1576;Masbate-Catarman
11036;11035;sea;12661;7590;1580;7624;1579;Donblon-Masbate
11035;11034;sea;12661;7625;1592;7641;1597;Masbate-Ticao
11034;11029;sea;12661;7644;1600;7647;1611;Ticao-Ibat
11030;11047;sea;12662;7677;1603;7685;1594;Sorsogon-Catarman
11049;11051;sea;12664;7752;1525;7735;1523;Borongan-Kankabatok
11052;11065;sea;12664;7755;1484;7777;1480;Baybay-Dinagat
11052;11053;sea;12662;7729;1474;7713;1459;Baybay-Bool
11053;11054;sea;12662;7685;1470;7682;1480;Bool-Sugbu
11055;11059;sea;12662;7647;1463;7638;1478;Siaro-Nabingkalan
11060;11062;sea;12662;7612;1500;7601;1514;Binalbagan-Irong Irong
11082;11056;sea;12663;7651;1400;7654;1423;Tukuran-Katugasan
11056;11055;sea;12663;7654;1429;7646;1444;Katugasan-Siaro
11084;11085;sea;12668;7570;1318;7573;1302;Bolong-Matangal
11085;11086;sea;12672;7556;1293;7529;1270;Matangal-Sulug
11086;11088;sea;12672;7489;1256;7458;1225;Sulug-Tawi Tawi
11043;11041;sea;12628;7400;1514;7420;1538;Taytay-Jamayan
11042;11041;sea;12670;7472;1528;7443;1552;Cuyo-Jamayan
11045;11046;sea;12671;7287;1370;7279;1319;Palawan-Balabac
11046;11161;sea;12671;7279;1314;7278;1284;Balabac-Marudu
11041;11039;sea;12670;7442;1558;7470;1593;Jamayan-Dongon
11088;11158;sea;12674;7436;1209;7394;1221;Tawi Tawi-Lahad Datu
11065;11067;sea;12640;7787;1464;7785;1457;Dinagat-Surigao
11066;11067;sea;12640;7808;1451;7807;1439;Siargo-Surigao
11050;11051;sea;12662;7711;1541;7713;1531;Panamao-Kankabatok
11214;11213;sea;12679;7778;1096;7765;1078;Sangihe-Wenang
11197;11198;sea;12685;7566;945;7572;922;Togian-Tojo
11193;11194;sea;12688;7640;911;7643;922;Balantak-Banggai
11187;11186;sea;12989;7631;778;7621;776;Wowoni-Kendari
11189;11186;sea;12689;7625;746;7621;759;Goram-Kendari
11190;11191;sea;12690;7618;711;7614;716;Bhauu-Muna
11190;11188;sea;12690;7645;713;7660;712;Bhauu-Tukangbesi
11185;11192;sea;12701;7570;730;7574;720;Polean-Kabaena
11192;11191;sea;12690;7582;708;7598;708;Kabaena-Muna
11216;11193;sea;12687;7710;886;7680;876;Sula-Banggai
11217;11216;sea;12684;7817;833;7801;866;Buru-Sula
11217;11218;sea;12684;7860;820;7902;833;Buru-Ambwan
11223;11224;sea;12684;7901;926;7903;951;Obi-Bacan
11224;11225;sea;12680;7905;957;7915;964;Bacan-Weda
11378;11377;sea;12696;8064;614;8003;607;Tanimbar-Barayat Daya
11377;11376;sea;12694;7985;606;7849;602;Barayat Daya-Wetar
11376;11388;sea;12694;7821;590;7808;561;Wetar-Dili
11388;11375;sea;12699;7764;549;7744;560;Dili-Alor
11383;11382;sea;12698;7701;449;7691;440;Kupang-Roti
11381;11380;sea;12700;7595;428;7531;443;Sawu-Melolo
11375;11374;sea;12699;7720;557;7716;557;Alor-Galiyao
11374;11373;sea;12699;7699;556;7693;558;Galiyao-Lembata
11373;11372;sea;12699;7662;545;7647;542;Lembata-Larantuka
11369;11370;sea;12705;7434;515;7464;513;Bima-Bajo
11368;11367;sea;12744;7305;503;7290;509;Taliwang-Lombok
11367;11366;sea;12744;7262;508;7229;509;Lombok-Bedulu
11364;11359;sea;12744;7180;513;7164;506;Jembrana-Blambangan
11363;11362;sea;12711;7206;596;7156;578;Kangean-Sumenep
11361;11354;sea;12719;7085;563;7073;550;Sampang-Hujung Galuh
11348;11346;sea;12715;6977;573;6969;576;Lwaram-Keling
11326;11308;sea;12741;6692;570;6677;579;Banten-Palas Pasemah
11324;11323;sea;12721;6757;752;6709;745;Belitung-Bangka
11323;11304;sea;12717;6685;723;6672;704;Bangka-Rawa Timur
11322;11303;sea;12722;6618;752;6616;738;Kota Kapur-Baros
11279;11295;sea;12723;6556;813;6554;789;Kampe-Votabura
11279;11278;sea;12723;6558;823;6566;835;Kampe-Lingga
11278;11277;sea;12723;6557;851;6549;887;Lingga-Tanjungpinang
11136;11137;sea;12710;7249;782;7244;789;Laut-Kaburu
1468;11248;sea;8687;5872;1225;5874;1246;Onge-Marakele
9676;12849;sea;12850;5930;1117;5946;1096;Muot-Nakkavaram
11251;11252;sea;12739;6173;864;6167;888;Nias-Simeulue
12823;12824;sea;12739;6247;768;6265;747;Batu-Siberut
12824;12825;sea;12740;6291;711;6318;694;Siberut-Sipura
#Rivers in East Asia
10916;10913;river_large;12513;-1;-1;-1;-1;Thanh Phu-Soc Trang
10811;10809;river_large;12515;-1;-1;-1;-1;Angkor Borey-Vyadhapura
10815;10814;river_large;12516;-1;-1;-1;-1;-1;Chaturmukah-Hanchei
10814;10808;river_large;12525;-1;-1;-1;-1;-1;Hanchei-Indrapura
10804;10805;river_large;12528;-1;-1;-1;-1;-1;Sambhupura-Stung Treng
10817;11440;river_large;12529;-1;-1;-1;-1;-1;Lingapura-Sanasomboon
10817;10940;river_large;12530;-1;-1;-1;-1;-1;Lingapura-Mae Hae Song
10943;10957;river_large;12532;-1;-1;-1;-1;-1;Surin-Maha Sarakan
11442;10937;river_large;12533;-1;-1;-1;-1;-1;Bhimapura-Nakhon Ratchasima
10816;10932;river_large;12518;-1;-1;-1;-1;-1;Angkor-Battambang
8892;8923;river_large;12546;-1;-1;-1;-1;-1;Xinhui-Yining
8924;8922;river_large;12547;-1;-1;-1;-1;-1;Yongshun-Duanxi
10278;10274;river_large;12548;-1;-1;-1;-1;-1;Ducheng-Cangwu
8869;10370;river_large;10464;-1;-1;-1;-1;-1;Haian-Changshu
8933;12950;river_large;10464;-1;-1;-1;-1;-1;Hailing-Dantu
8935;10331;river_large;10456;-1;-1;-1;-1;-1;Qingliu-Dangtu
8939;10339;river_large;10456;-1;-1;-1;-1;-1;Qingyang-Lujiang East
8943;10374;river_large;10457;-1;-1;-1;-1;-1;Pengze-Susong
13014;10394;river_large;10458;-1;-1;-1;-1;-1;Xunyang-Qichun Southwest
13014;8986;river_large;10458;-1;-1;-1;-1;-1;Hukou-Hanyin
13012;12995;river_large;10458;-1;-1;-1;-1;-1;Jiangxia-Huanggang
10395;8973;river_large;10459;-1;-1;-1;-1;-1;Baling-Jianli
8978;10397;river_large;10459;-1;-1;-1;-1;-1;Jianli-Huarong
10029;12984;river_large;10460;-1;-1;-1;-1;-1;An-Dangyang
10029;10323;river_large;10460;-1;-1;-1;-1;-1;Jianli-Huarong
10024;13008;river_large;10461;-1;-1;-1;-1;-1;Zhijiang-Gong'an
10302;8862;river_large;11933;-1;-1;-1;-1;-1;Bohai-Linzi
8876;8873;river_large;11933;-1;-1;-1;-1;-1;Linyi-Dihe
10417;8877;river_large;11933;-1;-1;-1;-1;-1;Pingyuan-Yucheng
8884;10362;river_large;11935;-1;-1;-1;-1;-1;Laocheng-Shouzhang
8886;10357;river_large;11936;-1;-1;-1;-1;-1;Puyang-Guixiang
13033;10159;river_large;11938;-1;-1;-1;-1;-1;Baima-Ji
9780;10405;river_large;11939;-1;-1;-1;-1;-1;Luoyang-Wangwu
10309;10259;river_large;11940;-1;-1;-1;-1;-1;Xia-Xia
12460;12461;river_large;11915;-1;-1;-1;-1;-1;Nurgan-Chlya
12460;12465;river_large;11915;-1;-1;-1;-1;-1;Nurgan-Chagal
12457;12466;river_large;11916;-1;-1;-1;-1;-1;Silbaki-Pilda
11883;12467;river_large;11916;-1;-1;-1;-1;-1;Beihean-Kerin
11881;12479;river_large;11917;-1;-1;-1;-1;-1;Molihewen-Bolon
11877;12482;river_large;11917;-1;-1;-1;-1;-1;Boli-Kuru
11864;11695;river_large;11925;-1;-1;-1;-1;-1;Dacun-Dazhou
11858;11694;river_large;11925;-1;-1;-1;-1;-1;Baihuaicun-Helincun
11816;11696;river_large;11926;-1;-1;-1;-1;-1;Delizhen-Dahedu
11814;11700;river_large;11927;-1;-1;-1;-1;-1;Gaozhou-Erliuyu
11812;11662;river_large;11928;-1;-1;-1;-1;-1;Ningjiang-Heyucun

#Okinawa
12814;12459;sea;12575;8226;3972;8215;3961;Pogobi-Ekiti
10647;10643;sea;12633;7749;2227;7801;2287;Hokomazu-Amami
# Japan
10536;10539;sea;12596;7819;2677;7803;2657;Kishima-Jikajima
11397;11398;sea;12723;-1;-1;-1;-1;-1;Tumasik-Johor

### MNR ###
## Eastern Africa ##
#Nile
6041;6040;river_large;9661;-1;-1;-1;-1;QALYUB-BILBAYS
6362;6361;river_large;13270;-1;-1;-1;-1;KALABSHA-SABAGURA
6330;6331;river_large;13270;-1;-1;-1;-1;IKHMINDI-SAYALA
6333;6334;river_large;13270;-1;-1;-1;-1;SHEIKH_DAWUD-QASR_IBRIM
6337;6338;river_large;13271;-1;-1;-1;-1;SEMNA-AKASHA
6342;6343;river_large;13273;-1;-1;-1;-1;KEMNA-DONGOLA
6348;6347;river_large;13274;-1;-1;-1;-1;KAREIMA-TANKASI
6351;6353;river_large;13275;-1;-1;-1;-1;KURGUS-TARFAYA
6357;6358;river_large;13276;-1;-1;-1;-1;AL-BAWGA-ED-DAMER
6393;6395;river_large;13277;-1;-1;-1;-1;USHARA-ALTI
6430;6432;river_large;13278;-1;-1;-1;-1;TAGALI-RENK
6397;6394;river_large;13279;-1;-1;-1;-1;KAMLIN-SOBA
6400;6404;river_large;13280;-1;-1;-1;-1;SENNAR-ABU_GEILI
8376;8375;river_large;13281;-1;-1;-1;-1;BERTA-ABBAY-AGAW
6358;6356;river_large;13282;-1;-1;-1;-1;ED-DAMER-ATBARA
6436;6444;river_large;13284;-1;-1;-1;-1;WOLQAYT-SHOWAK_SOUTH
## North Africa ##
#Sebou
4687;4700;river_large;13654;-1;-1;-1;-1;AL-BASRA-SALA
4694;4696;river_large;13656;-1;-1;-1;-1;FES-SUBU
# Oum er-Rbia
4705;4704;river_large;13742;-1;-1;-1;-1;MAZAGHAN-AZZAMUR
4718;4746;river_large;13743;-1;-1;-1;-1;MARRAKESH-EL-BOROUJ
## Iberia ##
#Guadalquivir
1977;1985;river_large;13285;-1;-1;-1;-1;JAEN-UBEDA
#Guadian
1989;1956;river_large;13286;-1;-1;-1;-1;ALMADER-CASTILBLANCO
#Tajo
1754;1753;river_large;13287;-1;-1;-1;-1;LISBOA-SETUBAL
1771;1774;river_large;13288;-1;-1;-1;-1;IDANHA-NISA
1917;1955;river_large;13290;-1;-1;-1;-1;ALMARAZ-TRUJILLO
1919;1958;river_large;13291;-1;-1;-1;-1;TOLEDO-OCANA
#Duero
1766;2003;river_large;13292;-1;-1;-1;-1;GUIMARAES-GRALHEIRA
1764;1828;river_large;13294;-1;-1;-1;-1;MIRANDA DO DUORO-SALAMANCA
1896;1915;river_large;13295;-1;-1;-1;-1;SIMANCAS-OLMEDO
#Ebro
1858;1859;river_large;13296;-1;-1;-1;-1;AMPOSTA-TORTOSA
1887;1886;river_large;13297;-1;-1;-1;-1;ZARAGOZA-ZUERA
1890;1889;river_large;13298;-1;-1;-1;-1;TUDELA-TAFALLA
1882;1880;river_large;13299;-1;-1;-1;-1;FRAGA-MAIALS
## France ##
#Dordogne
2144;2143;river_large;13300;-1;-1;-1;-1;BLAYE-FRONSAC
2236;2238;river_large;13301;-1;-1;-1;-1;BERGERAC-MONTIGNAC
#Loire
2319;2318;river_large;13302;-1;-1;-1;-1;BLOIS-CONTRES
2463;2339;river_large;13303;-1;-1;-1;-1;SULLY-SUR-LOIRE-MONTARGIS
2307;2343;river_large;13305;-1;-1;-1;-1;MOULINS-NEVERS
2256;2274;river_large;13307;-1;-1;-1;-1;LOUDUN-TOURS
2251;2253;river_large;13308;-1;-1;-1;-1;RUFFEC-CHATELLERAULT
#Siene
2337;2353;river_large;13309;-1;-1;-1;-1;NEMOURS-BRAY
2363;2368;river_large;13310;-1;-1;-1;-1;PROVINS-NOGENT
2341;2352;river_large;13312;-1;-1;-1;-1;CHATEAU-RENARD-SENS
2359;2355;river_large;13313;-1;-1;-1;-1;MEAUX-CRECY
2366;2390;river_large;13315;-1;-1;-1;-1;EPERNAY-REIMS
2372;2389;river_large;13316;-1;-1;-1;-1;BAR-SUR-AUBE-SAINT-DIZIER
2190;2357;river_large;13317;-1;-1;-1;-1;BEAUMONT-SAINT-DENIS
2188;2398;river_large;13318;-1;-1;-1;-1;NOYON-COUCY
2360;2398;river_large;13320;-1;-1;-1;-1;CREPY-COUCY
2391;2394;river_large;13322;-1;-1;-1;-1;RETHEL-MEZIERES
#Somme
2114;2106;river_large;13323;-1;-1;-1;-1;GHENT-ANTWERP
2127;2120;river_large;13324;-1;-1;-1;-1;TOURNAI-ATH
#Rhone
2070;2033;river_large;13325;-1;-1;-1;-1;Villars-VIENNE
2070;2065;river_large;3249;-1;-1;-1;-1;Villars-LYON
2302;2071;river_large;13326;-1;-1;-1;-1;MACON-BOURG
2017;2059;river_large;13327;-1;-1;-1;-1;ARLES-AVIGNON
## Italy ##
#Po
2474;2483;river_large;13328;-1;-1;-1;-1;VIGEVANO-TORTONA
2045;8764;river_large;13329;-1;-1;-1;-1;CHIERI-Santhia
#Arno
2536;2557;river_large;13657;-1;-1;-1;-1;PISA-LIVORNO
2543;2559;river_large;13658;-1;-1;-1;-1;FIRENZE-IMPRUNETA
#Tiber
2577;2575;river_large;13659;-1;-1;-1;-1;VATICAN-ROMA
## Britain ##
#Thames
1555;1558;river_large;13330;-1;-1;-1;-1;READING-OXFORD
#Severn
1580;1582;river_large;13331;-1;-1;-1;-1;GLOUCESTER-WINCHCOMBE
1625;1603;river_large;13331;-1;-1;-1;-1;EVESHAM-WARWICK
1647;1646;river_large;13332;-1;-1;-1;-1;SHREWSBURY-LUDLOW
1559;1603;river_large;13334;-1;-1;-1;-1;BANBURY-WARWICK
#Humber
1620;1587;river_large;13335;-1;-1;-1;-1;RETFORD-GRIMSBY
1618;1616;river_large;13336;-1;-1;-1;-1;NOTTINGHAM-MELTON
1592;1588;river_large;13649;-1;-1;-1;-1;DONCASTER-POCKLINGTON
1599;1595;river_large;13649;-1;-1;-1;-1;RIPON-YORK
#Nene
1542;1541;river_large;13652;-1;-1;-1;-1;NORMAN CROSS-HURSTINGSTONE
1538;1539;river_large;13653;-1;-1;-1;-1;BEDFORD-AMPTHILL
#Shannon
46;45;river_large;13338;-1;-1;-1;-1;ENNIS-LIMERICK
23;34;river_large;13339;-1;-1;-1;-1;ATHENRY-ATHLONE
## Rhine ##
2086;2691;river_large;3233;-1;-1;-1;-1;ADENAU-ISENBURG
2695;2693;river_large;13340;-1;-1;-1;-1;BOPPARD-WIESBADEN
2732;2744;river_large;13343;-1;-1;-1;-1;SPEYER-HOCKENHEIM
2721;2753;river_large;13344;-1;-1;-1;-1;STRASSBURG-GEROLDSECK
2855;2741;river_large;13346;-1;-1;-1;-1;FRANKFURT-RUSSELSHEIM
2862;2868;river_large;13347;-1;-1;-1;-1;KLINGENBERG-WERTHEIM
2697;2696;river_large;13348;-1;-1;-1;-1;COCHEM-SPONHEIM
2082;2698;river_large;13350;-1;-1;-1;-1;LUXEMBOURG-SAARBURG
2079;2709;river_large;13352;-1;-1;-1;-1;TOUL-NANCY
2428;2429;river_large;13353;-1;-1;-1;-1;ARNHEM-ZUTPHEN
2426;2421;river_large;13353;-1;-1;-1;-1;HARDERWIJK-ZWOLLE
2450;2103;river_large;13354;-1;-1;-1;-1;GELDERN-NIJMEGEN
2099;2102;river_large;13355;-1;-1;-1;-1;MAASTRICHT-GLADBACH
2097;2096;river_large;13356;-1;-1;-1;-1;LIEGE-HUY
2394;2091;river_large;13357;-1;-1;-1;-1;MEZIERES-BOUILLON
2395;2081;river_large;13359;-1;-1;-1;-1;VERDUN-SAINT-MIHIEL
2715;2078;river_large;13352;-1;-1;-1;-1;VAUDEMONT-EPINAL
## Northern Europe ##
#Ems
2419;2436;river_large;13360;-1;-1;-1;-1;EMMEN-LEER
2430;2446;river_large;13361;-1;-1;-1;-1;BENTHEIM-TECKLENBURG
#Weser
2438;2793;river_large;13363;-1;-1;-1;-1;OLDENBURG-BREMEN
2840;2845;river_large;13365;-1;-1;-1;-1;MINDEN-SCHAUENBURG
2910;2912;river_large;13366;-1;-1;-1;-1;EVERSTEIN-HOMBURG
#Elbe
3023;3172;river_large;13368;-1;-1;-1;-1;DESSAU-ZERBST
3027;3034;river_large;13369;-1;-1;-1;-1;MEISSEN-GROSSENHAIN
3023;2906;river_large;13371;-1;-1;-1;-1;DESSAU-MAGDEBURG
2935;3018;river_large;13372;-1;-1;-1;-1;MERSENBURG-HALLE
3005;3020;river_large;13373;-1;-1;-1;-1;ORLAMUNDE-NAUMBURG
3170;3166;river_large;13374;-1;-1;-1;-1;TANGERMUNDE-BRANDENBURG
#Oder
2823;3155;river_large;13376;-1;-1;-1;-1;TANGERMUNDE-BRANDENBURG
3142;3148;river_large;13378;-1;-1;-1;-1;ODERFRANKFURT-SULECIN
3144;3064;river_large;13379;-1;-1;-1;-1;CROSSEN-GRUNBERG
3058;3060;river_large;13381;-1;-1;-1;-1;LEGNICA-SADOWEL
3049;3052;river_large;13383;-1;-1;-1;-1;BRZEG-OPPELN
3152;3151;river_large;13385;-1;-1;-1;-1;LANDSBERG-DRIESEN
4902;4900;river_large;13746;-1;-1;-1;-1;Czarnkow-Poznan
## Eastern Europe ##
#Vistula
4953;4960;river_large;13387;-1;-1;-1;-1;Radom-Urzedow
531;4966;river_large;13388;-1;-1;-1;-1;Sandomierz-Mielec
527;4971;river_large;13390;-1;-1;-1;-1;Krakow-Wieliczka
5059;5058;river_large;13394;-1;-1;-1;-1;Blotkowo-Kobryn
#Neman
125;119;river_large;13395;-1;-1;-1;-1;TAURAGE-TILSIT
162;160;river_large;13397;-1;-1;-1;-1;ALITEN-MERKINE
5044;161;river_large;13399;-1;-1;-1;-1;Volkovysk-GRODNO
#Vig
219;218;river_large;13400;-1;-1;-1;-1;LIINMAA-VIIPURI
#Northern Dvina
5838;5837;river_large;13401;-1;-1;-1;-1;Veliky Ustyug-Boborossa
5822;5833;river_large;13402;-1;-1;-1;-1;Tischna-Karitsa
5824;5823;river_large;13403;-1;-1;-1;-1;Vologda-Kadnikov
#Southern Bug
542;5269;river_large;13405;-1;-1;-1;-1;Olbia_ETEL-Kherson
5258;5262;river_large;13406;-1;-1;-1;-1;Birzula-Uman
5100;5101;river_large;13407;-1;-1;-1;-1;Yampil-Haisyn
#Narva
98;167;river_large;13623;-1;-1;-1;-1;NARVA-YAMA
5147;5146;river_large;13624;-1;-1;-1;-1;Izborsk-Pskov
#Don
5381;5378;river_large;13639;-1;-1;-1;-1;Kriucha-Khoper
596;5290;river_large;13640;-1;-1;-1;-1;Tana-Golden Hills
564;5327;river_large;13641;-1;-1;-1;-1;Bakhmut-Podgornye
#Volga
5359;590;river_large;13635;-1;-1;-1;-1;Lachyk-Uba-Cheboksary
5383;579;river_large;13636;-1;-1;-1;-1;Saran-Saransk
#Kuban
598;5335;river_large;13667;-1;-1;-1;-1;Tmutarakan-Kuban
5289;5301;river_large;13668;-1;-1;-1;-1;Papagia-Betzini
#Terek
5312;5343;river_large;13670;-1;-1;-1;-1;Sara-Samiran
5344;5310;river_large;13671;-1;-1;-1;-1;Majar-Cisterki
#Samur
5307;5305;river_large;13672;-1;-1;-1;-1;Kizlyar-Samander
5309;603;river_large;13673;-1;-1;-1;-1;Tserlona-Cabarda
## Scandinavia ##
#Gota Alv
229;318;river_large;13409;-1;-1;-1;-1;BAGAHUS-KUNGAHALLA
323;326;river_large;13410;-1;-1;-1;-1;TINGVALLA-VASE
#Motala Strom
330;331;river_large;13412;-1;-1;-1;-1;SUDHERKOPUNG-HAMARKINDA
334;333;river_large;13413;-1;-1;-1;-1;VRETA-SKAENNINGE
## Danube ##
3084;3087;river_large;13414;-1;-1;-1;-1;FLORIDSDORF-BRUCK
3072;3131;river_large;13417;-1;-1;-1;-1;LEONFELDEN-LINZ
2968;2960;river_large;13418;-1;-1;-1;-1;DEGGENDORF-PASSAU
2964;2965;river_large;13419;-1;-1;-1;-1;REGENSBURG-TEGERNHEIM
2940;2883;river_large;13420;-1;-1;-1;-1;MUNCHSMUNSTER-INGOLSTADT
2768;2775;river_large;13422;-1;-1;-1;-1;ULM-KIRCHBERG
3840;3839;river_large;13423;-1;-1;-1;-1;Simontornya-Tolna
3835;3826;river_large;13423;-1;-1;-1;-1;Somogyvar-Veszprem
3842;3609;river_large;13425;-1;-1;-1;-1;Baranyavar-Osijek
3531;3837;river_large;13426;-1;-1;-1;-1;Koprivnica-Csurgo
3106;3977;river_large;13427;-1;-1;-1;-1;WINDISCHE BUHEL-Szentgotthard
3830;3879;river_large;13429;-1;-1;-1;-1;Titel-Becse
3865;3974;river_large;13430;-1;-1;-1;-1;Csongrad-Nagylak
523;3867;river_large;13431;-1;-1;-1;-1;Hewes-Tur
3874;3873;river_large;13433;-1;-1;-1;-1;Svarvas-Bekes
521;3974;river_large;13435;-1;-1;-1;-1;Csanad-Nagylak
3613;505;river_large;13437;-1;-1;-1;-1;Zemun-Belgrade
3610;3509;river_large;13438;-1;-1;-1;-1;Vakovo-Bijeljina
3515;3516;river_large;13440;-1;-1;-1;-1;Gradiska-Vrbaski Grad
461;3535;river_large;13442;-1;-1;-1;-1;Zagreb-Sisak
4984;4985;river_large;13444;-1;-1;-1;-1;Segarcea-Craiova
4986;514;river_large;13445;-1;-1;-1;-1;Corabia-Turnu
4991;4995;river_large;13446;-1;-1;-1;-1;Comana-Bucuresti
4997;5001;river_large;13448;-1;-1;-1;-1;Calarasi-Slobozia
5003;511;river_large;13450;-1;-1;-1;-1;Braila-Galati
5016;511;river_large;13452;-1;-1;-1;-1;Cahul-Galati
3601;3664;river_large;13626;-1;-1;-1;-1;Smederevo-Branicevo
2960;2970;river_large;13748;-1;-1;-1;-1;PASSAU-SCHARDING
2956;2984;river_large;13750;-1;-1;-1;-1;FALKENSTEIN-MARQUARDSTEIN
3081;3816;river_large;13751;-1;-1;-1;-1;HOHENAU-Szomolany
4170;4159;river_large;13752;-1;-1;-1;-1;Hodonin-Spytihnev
3832;3831;river_large;13755;-1;-1;-1;-1;Pecsen-Nyitra
## Southern Europe ##
#Axios
3782;490;river_large;13662;-1;-1;-1;-1;Sthlanitza-Thessalonike
#Maritsa
3768;3766;river_large;13674;-1;-1;-1;-1;Traianopolis-Ainos
3627;494;river_large;13675;-1;-1;-1;-1;Didymoteichon-Adrianopolis
3634;3632;river_large;13676;-1;-1;-1;-1;Haskovo-Beroe
## Middle East ##
#Tigris-Euphrates
4828;4795;river_large;13454;-1;-1;-1;-1;BAGHDAD-UKBARA
4834;4805;river_large;13455;-1;-1;-1;-1;HISN AL-MASHUQ-SAMARRA
4835;4807;river_large;13455;-1;-1;-1;-1;TAKRIT-BARIMMA
4840;4811;river_large;13457;-1;-1;-1;-1;MOSUL-NINAWA
4847;4816;river_large;13459;-1;-1;-1;-1;HISN_KAIFA-SA'IRD
4794;4795;river_large;13461;-1;-1;-1;-1;BA'QUBA-UKBARA
4799;4792;river_large;13462;-1;-1;-1;-1;KHANIJAR-JALULA-HULWAN
6001;6003;river_large;13463;-1;-1;-1;-1;AS-SALMAN-NIFFAR
5992;4826;river_large;13464;-1;-1;-1;-1;AL-KUFA-AL-HILA
4833;4831;river_large;13466;-1;-1;-1;-1;HIT-AR-RABB
4889;4884;river_large;13467;-1;-1;-1;-1;AL-RAHBA-SUKAYR AL-ABBAS
5943;4876;river_large;13468;-1;-1;-1;-1;RATLA-RAQQA
5908;4873;river_large;13470;-1;-1;-1;-1;MANBIJ-TALL_AMMAR
4881;4883;river_large;13471;-1;-1;-1;-1;ASH-SHAMSANIYA-MAKISIN
6016;6017;river_large;13474;-1;-1;-1;-1;BAYAN-ABBADAN
6012;6011;river_large;13475;-1;-1;-1;-1;HUWAIZA-AHWAZ
4818;4257;river_large;13476;-1;-1;-1;-1;AS-SUS-Gondishapur
4789;4822;river_large;13744;-1;-1;-1;-1;BAKUSAYA-KASKAR
6008;6009;river_large;13745;-1;-1;-1;-1;NAHR_SIMMARA-AL-MADHAR
#Kura
5790;5773;river_large;13477;-1;-1;-1;-1;Paytakaran-Salyan
5779;5778;river_large;13478;-1;-1;-1;-1;Barda-Mingachevir
5780;5767;river_large;13479;-1;-1;-1;-1;Tovuz-Ujarma
5776;5789;river_large;13481;-1;-1;-1;-1;Paidangaran-Varsan
#Seyhan
761;5624;river_large;13663;-1;-1;-1;-1;Tarsus-Mallus
#Ceyhan
5625;4896;river_large;13665;-1;-1;-1;-1;Anazaribus-TALL HAMID
## Central Asia ##
#Ural
5317;618;river_large;13484;-1;-1;-1;-1;Saraychiq-Atyrau
5349;7218;river_large;13486;-1;-1;-1;-1;Zhaltyr-Santas
5501;897;river_large;13488;-1;-1;-1;-1;Orenburg-Iletsk
#Uzboy
4415;4533;river_large;13489;-1;-1;-1;-1;CHELEKEN-NEBIT DAG
4529;4528;river_large;13490;-1;-1;-1;-1;IGDY-KURTYSH
#Amu Darya
4458;4459;river_large;13492;-1;-1;-1;-1;MADMINIYA-BARATIGIN
4449;4448;river_large;13494;-1;-1;-1;-1;RAKHUSHMITHAN-KATH
4443;4444;river_large;13495;-1;-1;-1;-1;SADVAR-NUKFAGH
4241;4242;river_large;13496;-1;-1;-1;-1;Shagal-Firabr
4247;4248;river_large;13498;-1;-1;-1;-1;Zamm-Akhsisak
4337;4373;river_large;13499;-1;-1;-1;-1;Navida-Charmanjan
4455;4456;river_large;13502;-1;-1;-1;-1;ZAMAKHSHAR-GURGANJ
#Syr Darya
7110;900;river_large;13503;-1;-1;-1;-1;Kazalinsk-Yangikent
901;7116;river_large;13504;-1;-1;-1;-1;Jend-Beljan
7123;7125;river_large;13505;-1;-1;-1;-1;Sighnaq-Uzgend
1181;7136;river_large;13507;-1;-1;-1;-1;Sutkend-Chimkent
4417;903;river_large;13509;-1;-1;-1;-1;KHAWAS-Afrasiyab
## Western India ##
#Indus
3443;1341;river_large;8589;-1;-1;-1;-1;Kalabagh-Nandana
3414;1338;river_large;13512;-1;-1;-1;-1;Alipur-Multan
1192;3427;river_large;13514;-1;-1;-1;-1;Bhera-Bhirr
#Sabarmati
3377;1290;river_large;13516;-1;-1;-1;-1;Dholka-Khetaka
#Mahi
3375;1133;river_large;13518;-1;-1;-1;-1;Khambhat-Vadodara
1291;3374;river_large;13519;-1;-1;-1;-1;Khambhat-Vadodara
#Narmada
3380;1127;river_large;13521;-1;-1;-1;-1;Bharuch-Akruresvara
1182;1147;river_large;13523;-1;-1;-1;-1;Bawangaja-Mandapika
3325;919;river_large;13525;-1;-1;-1;-1;Ashta-Handia
917;1164;river_large;13526;-1;-1;-1;-1;Barman-Chauragarh
#Tapi
1287;1187;river_large;13527;-1;-1;-1;-1;Asirgarh-Changdev
## Southern India ##
#Ponnaiyar
7835;7832;river_large;13528;-1;-1;-1;-1;Tirukoilur-Jinji
#Palar
7831;7827;river_large;13529;-1;-1;-1;-1;Uttaramerur-Mamallapuram
#Penner
1204;1122;river_large;13530;-1;-1;-1;-1;Nellore-Udayagiri
7816;7856;river_large;13531;-1;-1;-1;-1;Anantapur-Adavani
#Krishna
1253;1221;river_large;13533;-1;-1;-1;-1;Nilagiri-Vijayawada
7905;7841;river_large;13535;-1;-1;-1;-1;Devarakonda-Sriparvata
1211;1218;river_large;13536;-1;-1;-1;-1;Pannagallu-Alampur
7886;1203;river_large;13537;-1;-1;-1;-1;Bagavadi-Idatarainadu
7887;7901;river_large;13539;-1;-1;-1;-1;Kembavi-Gulbarga
1218;7854;river_large;13541;-1;-1;-1;-1;Alampur-Kandanavolu
7876;7859;river_large;13542;-1;-1;-1;-1;Anegandi-Kampili
#Godavari
1255;7923;river_large;8599;-1;-1;-1;-1;Vemulavada-Mancherial
7919;1157;river_large;13543;-1;-1;-1;-1;Bhainsa-Balkonda
7894;1142;river_large;13544;-1;-1;-1;-1;Bhid-Pratishthana
1269;1254;river_large;13547;-1;-1;-1;-1;Canda-Vairagara
7931;7935;river_large;13547;-1;-1;-1;-1;Seoni-Gondia
## Eastern India ##
#Mahanadi
1230;3987;river_large;13549;-1;-1;-1;-1;Suvarnapura-Bajrakot
1155;921;river_large;13550;-1;-1;-1;-1;Sripuri-Savarinarayana
#Ganges
1284;1328;river_large;1314;-1;-1;-1;-1;Manikpur-Prayaga
1275;1282;river_large;13551;-1;-1;-1;-1;Jajmau-Lalganj
1358;3468;river_large;13552;-1;-1;-1;-1;Vodamayutja-Tilokpur
3450;1173;river_large;13554;-1;-1;-1;-1;Indrasthana-Sambhal
1368;3474;river_large;13555;-1;-1;-1;-1;Hastinapura-Bijnor
3960;1113;river_large;13556;-1;-1;-1;-1;Chitrakuta-Kara
1169;1139;river_large;13558;-1;-1;-1;-1;Kalpi-Musanagar
3465;1215;river_large;13559;-1;-1;-1;-1;Dhavalapuri-Etawah
3447;3448;river_large;13560;-1;-1;-1;-1;Dhilika-Jahanpanah
3453;1367;river_large;13562;-1;-1;-1;-1;Sthanisvara-Saharanpur
3465;1172;river_large;13563;-1;-1;-1;-1;Dhavalapuri-Gwalior
1355;3338;river_large;13564;-1;-1;-1;-1;Ranthambore-Sheopur
3326;3327;river_large;13566;-1;-1;-1;-1;Mehidpur-Agar
1169;3961;river_large;13567;-1;-1;-1;-1;Kalpi-Rath
1298;3319;river_large;13568;-1;-1;-1;-1;Chanderi-Jarai_ka_Math
3323;1170;river_large;13570;-1;-1;-1;-1;Sanchi-Vidisa
884;881;river_large;13571;-1;-1;-1;-1;Haldi2-Pava
3953;3954;river_large;13572;-1;-1;-1;-1;Faizabad-Gonda
877;9654;river_large;13577;-1;-1;-1;-1;Sugauna-Bangaon
1233;858;river_large;13581;-1;-1;-1;-1;Saptagrama-Kumarhati
1235;863;river_large;13581;-1;-1;-1;-1;Tamralipti-Chatrabhog
1319;834;river_large;13579;-1;-1;-1;-1;Bikrampur-Chandpur
850;852;river_large;13580;-1;-1;-1;-1;Bokainagar-Nasirabad
876;869;river_large;13574;-1;-1;-1;-1;Arrah-Maner
909;1251;river_large;13575;-1;-1;-1;-1;Palamau-Sasaram
3967;907;river_large;13576;-1;-1;-1;-1;Chandrehi-Beohari
## West Africa ##
#Senegal
6784;6785;river_large;13582;-1;-1;-1;-1;WARAM-AWLIL
6786;6778;river_large;13582;-1;-1;-1;-1;CUBALEL-SILLA
6746;6774;river_large;13584;-1;-1;-1;-1;ARONDO-KARAKORO
6749;6751;river_large;13586;-1;-1;-1;-1;BAFULABE-BADUMBE
6750;6742;river_large;13587;-1;-1;-1;-1;KUNJAN-DIAKHA
#Volta
8006;8031;river_large;13588;-1;-1;-1;-1;KWAHU-SOUTH-WUSUTA
8004;8038;river_large;13589;-1;-1;-1;-1;BASSA-AFRAM-KETE_KARACHI
6944;6945;river_large;13590;-1;-1;-1;-1;MOLE_SOUTH-MAWLI
6971;6966;river_large;13591;-1;-1;-1;-1;KINTAMPO-BUIPE
6959;6956;river_large;13592;-1;-1;-1;-1;BOUNA-WA
8038;8037;river_large;13594;-1;-1;-1;-1;KETE_KARACHI-NANUMBA
6933;6936;river_large;13595;-1;-1;-1;-1;SANSANE_MANGO-DIKUTATENI
#Niger
6632;6644;river_large;13597;-1;-1;-1;-1;KRI-SANADO
6639;6728;river_large;13599;-1;-1;-1;-1;KANGABA-FIGUIRA
6734;6729;river_large;13600;-1;-1;-1;-1;JELIBAKORO-NIANI
6646;6649;river_large;13601;-1;-1;-1;-1;SOUM-SAN
6725;6724;river_large;13603;-1;-1;-1;-1;MANI-BANINKO
6907;6548;river_large;13605;-1;-1;-1;-1;KUTIGI-BIDA
6552;8103;river_large;13607;-1;-1;-1;-1;KONTOKORO-GUWARI
6549;8103;river_large;13605;-1;-1;-1;-1;MINNA-GUWARI
6555;6556;river_large;13740;-1;-1;-1;-1;KEBBI-SOKOTO-NORTH
#Chari
6813;6804;river_large;13611;-1;-1;-1;-1;MAKARI-BAGUIRMI-WEST
6812;6811;river_large;13612;-1;-1;-1;-1;LOGONE-BIRNI-BANRE
6808;6838;river_large;13613;-1;-1;-1;-1;DAM-BOUSSO
6818;6812;river_large;13614;-1;-1;-1;-1;BOGO-LOGONE-BIRNI
6830;6832;river_large;13615;-1;-1;-1;-1;MARBA-KIM
#Bahr el Ghazal
6804;6492;river_large;13616;-1;-1;-1;-1;BAGUIRMI-WEST-AUNO
6488;6850;river_large;13616;-1;-1;-1;-1;TIE-GHAZZAL
#Yobe
6504;6502;river_large;13617;-1;-1;-1;-1;YAU-GASKERU
6516;6535;river_large;13619;-1;-1;-1;-1;NGURU-GABAS
6519;6520;river_large;13620;-1;-1;-1;-1;KANO-KURA
6528;6526;river_large;13621;-1;-1;-1;-1;KUDU-AZARE
#Sassandra
8229;8208;river_large;13678;-1;-1;-1;-1;EAST_KRU-GAGNOA
8153;8148;river_large;13680;-1;-1;-1;-1;TURA-SEGUELA
#Bandama
8207;8137;river_large;13682;-1;-1;-1;-1;BOUBO-ATTIE
8139;8131;river_large;13684;-1;-1;-1;-1;BOUBO-BOUAKE
#Komoe
8135;8025;river_large;13686;-1;-1;-1;-1;EAST_ATTIE-AOWIN
8133;8029;river_large;13688;-1;-1;-1;-1;SATAMA-SOKORO-DIABE
#Nianda
8214;8215;river_large;13736;-1;-1;-1;-1;KPELLE-GBANSHAY
#Konkoure
8191;8190;river_large;13738;-1;-1;-1;-1;KONKURE-KANEYA
#Geba
8274;8269;river_large;8702;-1;-1;-1;-1;GUINALA-ACHUM
8196;8237;river_large;13739;-1;-1;-1;-1;KAADE-BAJAR
## Northern Asia ##
#Angar
7769;7780;river_large;13628;-1;-1;-1;-1;Olkha-Irkutsk
7767;7775;river_large;13629;-1;-1;-1;-1;Noty-Osa_MON
7762;7772;river_large;13630;-1;-1;-1;-1;Bisha_MON-Ilim_MON
#Selenga
7555;7697;river_large;13631;-1;-1;-1;-1;Selenga-Kabans
7554;7694;river_large;13632;-1;-1;-1;-1;Galuut Nuur-Chikoy
7552;7549;river_large;13634;-1;-1;-1;-1;Buteeliin Nuruu-Khargal
#Ob
7372;1329;river_large;13693;-1;-1;-1;-1;Parabel-Ket
7378;7433;river_large;13694;-1;-1;-1;-1;Konda_ob-Yaia
7381;7427;river_large;13695;-1;-1;-1;-1;Kolyvan-Ob
7406;1132;river_large;13697;-1;-1;-1;-1;Aley-Kirghiz
7406;7397;river_large;13699;-1;-1;-1;-1;Aley-Barnaul
1205;1329;river_large;13701;-1;-1;-1;-1;Narim-Ket
7439;7447;river_large;13702;-1;-1;-1;-1;Chulym_bis-Jorugul
5866;5897;river_large;13704;-1;-1;-1;-1;Belogorye-Nizyani
5877;7002;river_large;13705;-1;-1;-1;-1;Chukas Vosh-Koshley Vosh
7006;7015;river_large;13706;-1;-1;-1;-1;Sibir-Dolgujar
7027;7010;river_large;13707;-1;-1;-1;-1;Omgul-Vagaiskoy
1306;7012;river_large;13708;-1;-1;-1;-1;Tara-Kartaszevo
7062;7044;river_large;13709;-1;-1;-1;-1;Teke-Omsk
7043;7053;river_large;13711;-1;-1;-1;-1;Koriakovsky-Pavlodar
7334;7402;river_large;13712;-1;-1;-1;-1;Ak-Taylak-Molibay
7013;7044;river_large;13713;-1;-1;-1;-1;Petropavolsk-Omsk
1223;7029;river_large;13716;-1;-1;-1;-1;Ishim-Vikulova
7035;7019;river_large;13717;-1;-1;-1;-1;Petropavl-Uktuz
7026;7357;river_large;13719;-1;-1;-1;-1;Karasu-Jangyztau
7039;7274;river_large;13719;-1;-1;-1;-1;Chargaldzin-Kaska
7042;1435;river_large;13721;-1;-1;-1;-1;Karu Samys-Astana
5874;7014;river_large;13723;-1;-1;-1;-1;Koshuki-Vagay
5889;7017;river_large;13723;-1;-1;-1;-1;Terom-Yalu Torovsk
895;7020;river_large;13725;-1;-1;-1;-1;Kurgan-Vargashi
891;5882;river_large;13728;-1;-1;-1;-1;Tyumen-Tabary
5884;5879;river_large;13730;-1;-1;-1;-1;Tagil-Neramkary
5874;5882;river_large;13731;-1;-1;-1;-1;Koshuki-Tabary
5871;5879;river_large;13733;-1;-1;-1;-1;Pelym-Neramkary
887;892;river_large;13734;-1;-1;-1;-1;Kharom-Vosh-Tselym-Balyn

#Irrawady MNR New
9643;9645;river_large;13757;-1;-1;-1;-1;Takon-Htigyaing
#Batang Hari
11288;11294;river_large;13760;-1;-1;-1;-1;Tungkal-Jambi
#Musi
11296;11303;river_large;13761;-1;-1;-1;-1;Palembang-Baros
#Solo
11349;11354;river_large;13762;-1;-1;-1;-1;Kambang_Purith-Hujung_Galuh
#Kapoeas
11122;11123;river_large;13763;-1;-1;-1;-1;Mempawah-Samedang
11116;11115;river_large;13764;-1;-1;-1;-1;Teinangga-Sintang
#Seruyan
11128;11129;river_large;13765;-1;-1;-1;-1;Kota_Waringin-Sampit
#Kahayan
11132;11134;river_large;13766;-1;-1;-1;-1;Katingan-Banjar
#Mahakam
11146;11134;river_large;13759;-1;-1;-1;-1;Muara_kaman-Pemarangan
#Chao Phraya
10911;10950;river_large;8736;-1;-1;-1;-1;Nakhon_Pathom-Bangkok
#Mekong
10940;11440;river_large;13767;-1;-1;-1;-1;Ubon_Ratchathani-Sansomboon
10947;10820;river_large;13770;-1;-1;-1;-1;Nong_Khai-Vien_Chan
#Hong
10842;10843;river_large;13772;-1;-1;-1;-1;Truong_Yen-Nam_Dinh
10860;10859;river_large;13773;-1;-1;-1;-1;Quoc_Oai-Tam_Giang
#Pearl
10388;10387;river_large;13776;-1;-1;-1;-1;gonzhou_sujian-fanzhou_datong
#Qiantang
10346;8841;river_large;13780;-1;-1;-1;-1;hangzhou_tangshan-hangzhou_qiantang
#Yangtze
10021;10020;river_large;13781;-1;-1;-1;-1;xiazhou_yidu-xiazhou_yiling
10453;10014;river_large;13782;-1;-1;-1;-1;something_3-guizhou_badong
9755;10447;river_large;13783;-1;-1;-1;-1;wanzhou_nanpu-something_2
9760;9758;river_large;13784;-1;-1;-1;-1;zhongzhou_guixi-zhongzhou_nanbin
10446;10209;river_large;13786;-1;-1;-1;-1;something_1-yuzhou_jiangjin
9730;9731;river_large;13788;-1;-1;-1;-1;luzhou_luchuan-luzhou_jiang_an
13159;10399;river_large;13790;-1;-1;-1;-1;xiangyin-yuezhou_baling
8970;8969;river_large;13791;-1;-1;-1;-1;hengzhou_hengyang-hengzhou_chaling
8990;13098;river_large;13794;-1;-1;-1;-1;hongzhou_nanchang-fuzhou_guanchang
8992;9459;river_large;13795;-1;-1;-1;-1;yuanzhou_xinyu-jizhou_xin_gan
#Huaihe
8871;8950;river_large;13797;-1;-1;-1;-1;haizhou_qushan-chuzhou_shangyang
9693;13009;river_large;13799;-1;-1;-1;-1;suzhou_hong-haozhou_zhongli_west
10377;10249;river_large;13800;-1;-1;-1;-1;caizhou_baoxin-shouzhou_shouchun
#Haihe
9701;10298;river_large;13801;-1;-1;-1;-1;youzhou_wuqing-cangzhou_lucheng
9711;10300;river_large;13803;-1;-1;-1;-1;yingzhou_leshou-dezhou_ande
10361;10359;river_large;13804;-1;-1;-1;-1;beizhou_qingyang-beizhou_qinghe
#Liaohe
11763;11788;river_large;13806;-1;-1;-1;-1;Liao_Haibeizhou-Liao_Yaozhou
11765;11783;river_large;13807;-1;-1;-1;-1;Liao_Liaozhou-Liao_Guangzhou
#Tone
10730;10768;river_large;13812;-1;-1;-1;-1;Toshima-Chiba
#Amur
11653;11658;river_large;13809;-1;-1;-1;-1;Amur_Nalidu-Amur_Jiaruzhe
11867;11877;river_large;13810;-1;-1;-1;-1;EMan_Alimanan-EMan_Boli
11868;11895;river_large;13811;-1;-1;-1;-1;EMan_Naolijiang-EMan_Bixinjiang

-1;-1;;-1;-1;-1;-1;-1;
